-- DATA LOAD LUNARIS SCHOOL
SET client_encoding = 'UTF8';

INSERT INTO public.genero (nome) VALUES ('Masculino'), ('Feminino'), ('Outro');
INSERT INTO public.role (nome) VALUES ('Admin'), ('Professor'), ('Aluno');

INSERT INTO public.disciplina (nome, url_photo) VALUES ('Matemática', 'http://cdn.lunaris.org.br/matemática.png');
INSERT INTO public.disciplina (nome, url_photo) VALUES ('Português', 'http://cdn.lunaris.org.br/português.png');
INSERT INTO public.disciplina (nome, url_photo) VALUES ('História', 'http://cdn.lunaris.org.br/história.png');
INSERT INTO public.disciplina (nome, url_photo) VALUES ('Geografia', 'http://cdn.lunaris.org.br/geografia.png');
INSERT INTO public.disciplina (nome, url_photo) VALUES ('Física', 'http://cdn.lunaris.org.br/física.png');
INSERT INTO public.disciplina (nome, url_photo) VALUES ('Química', 'http://cdn.lunaris.org.br/química.png');
INSERT INTO public.disciplina (nome, url_photo) VALUES ('Biologia', 'http://cdn.lunaris.org.br/biologia.png');
INSERT INTO public.disciplina (nome, url_photo) VALUES ('Artes', 'http://cdn.lunaris.org.br/artes.png');
INSERT INTO public.disciplina (nome, url_photo) VALUES ('Ed. Física', 'http://cdn.lunaris.org.br/ed. física.png');
INSERT INTO public.disciplina (nome, url_photo) VALUES ('Inglês', 'http://cdn.lunaris.org.br/inglês.png');
INSERT INTO public.professor (cpf, nome, email, senha, disciplina_id, role_id, data_contratacao) VALUES (54410387916, 'Bianca Jesus', 'bianca.jesus@lunaris.org.br', 'hash123', 1, 2, '2022-08-25');
INSERT INTO public.professor (cpf, nome, email, senha, disciplina_id, role_id, data_contratacao) VALUES (74836301077, 'Guilherme Barros', 'guilherme.barros@lunaris.org.br', 'hash123', 2, 2, '2024-08-14');
INSERT INTO public.professor (cpf, nome, email, senha, disciplina_id, role_id, data_contratacao) VALUES (84514046455, 'Liam Alves', 'liam.alves@lunaris.org.br', 'hash123', 3, 2, '2025-08-28');
INSERT INTO public.professor (cpf, nome, email, senha, disciplina_id, role_id, data_contratacao) VALUES (87479368758, 'Carlos Eduardo Monteiro', 'carlos.eduardo.monteiro@lunaris.org.br', 'hash123', 4, 2, '2021-10-09');
INSERT INTO public.professor (cpf, nome, email, senha, disciplina_id, role_id, data_contratacao) VALUES (53329514949, 'Sra. Gabriela Pacheco', 'sra.gabriela.pacheco@lunaris.org.br', 'hash123', 5, 2, '2025-01-16');
INSERT INTO public.professor (cpf, nome, email, senha, disciplina_id, role_id, data_contratacao) VALUES (73099504585, 'Sr. Théo Câmara', 'sr.theo.camara@lunaris.org.br', 'hash123', 6, 2, '2025-04-13');
INSERT INTO public.professor (cpf, nome, email, senha, disciplina_id, role_id, data_contratacao) VALUES (63289675584, 'Dr. Anthony Gabriel Siqueira', 'dr.anthony.gabriel.siqueira@lunaris.org.br', 'hash123', 7, 2, '2022-06-03');
INSERT INTO public.professor (cpf, nome, email, senha, disciplina_id, role_id, data_contratacao) VALUES (96371101354, 'Bruno Viana', 'bruno.viana@lunaris.org.br', 'hash123', 8, 2, '2023-04-11');
INSERT INTO public.professor (cpf, nome, email, senha, disciplina_id, role_id, data_contratacao) VALUES (92477945724, 'Ravi Oliveira', 'ravi.oliveira@lunaris.org.br', 'hash123', 9, 2, '2025-05-31');
INSERT INTO public.professor (cpf, nome, email, senha, disciplina_id, role_id, data_contratacao) VALUES (38231349089, 'Lara Pacheco', 'lara.pacheco@lunaris.org.br', 'hash123', 10, 2, '2021-08-23');
INSERT INTO public.turma (nome, ano_letivo) VALUES ('9º Ano A', 2026);
INSERT INTO public.aluno (cpf, nome, matricula, email, senha, role_id, genero_id) VALUES (48819954833, 'Sr. Vitor Hugo Moreira', 393021577, 'sr.vitor.hugo.moreira@lunaris.org.br', 'senha123', 3, 3);
INSERT INTO public.aluno (cpf, nome, matricula, email, senha, role_id, genero_id) VALUES (20488670023, 'Sr. Asafe Farias', 799343635, 'sr.asafe.farias@lunaris.org.br', 'senha123', 3, 3);
INSERT INTO public.aluno (cpf, nome, matricula, email, senha, role_id, genero_id) VALUES (36687683599, 'Bryan Leão', 430803169, 'bryan.leao@lunaris.org.br', 'senha123', 3, 3);
INSERT INTO public.aluno (cpf, nome, matricula, email, senha, role_id, genero_id) VALUES (47556910740, 'Sophia Pinto', 944168538, 'sophia.pinto@lunaris.org.br', 'senha123', 3, 3);
INSERT INTO public.aluno (cpf, nome, matricula, email, senha, role_id, genero_id) VALUES (73948831137, 'Luiz Fernando Campos', 142082644, 'luiz.fernando.campos@lunaris.org.br', 'senha123', 3, 1);
INSERT INTO public.aluno (cpf, nome, matricula, email, senha, role_id, genero_id) VALUES (94452989025, 'Yago Marques', 341756022, 'yago.marques@lunaris.org.br', 'senha123', 3, 2);
INSERT INTO public.aluno (cpf, nome, matricula, email, senha, role_id, genero_id) VALUES (57603883062, 'Sabrina Pinto', 675031900, 'sabrina.pinto@lunaris.org.br', 'senha123', 3, 2);
INSERT INTO public.aluno (cpf, nome, matricula, email, senha, role_id, genero_id) VALUES (25897580114, 'Dra. Stephany Nogueira', 275208849, 'dra.stephany.nogueira@lunaris.org.br', 'senha123', 3, 3);
INSERT INTO public.aluno (cpf, nome, matricula, email, senha, role_id, genero_id) VALUES (66928626647, 'Antônio Rios', 277681170, 'antonio.rios@lunaris.org.br', 'senha123', 3, 3);
INSERT INTO public.aluno (cpf, nome, matricula, email, senha, role_id, genero_id) VALUES (36996179598, 'Ravi Lucca Rodrigues', 681318832, 'ravi.lucca.rodrigues@lunaris.org.br', 'senha123', 3, 1);
INSERT INTO public.aluno (cpf, nome, matricula, email, senha, role_id, genero_id) VALUES (58715711194, 'Aurora Costa', 525443103, 'aurora.costa@lunaris.org.br', 'senha123', 3, 1);
INSERT INTO public.aluno (cpf, nome, matricula, email, senha, role_id, genero_id) VALUES (74458912397, 'Ana Julia Costa', 686884432, 'ana.julia.costa@lunaris.org.br', 'senha123', 3, 1);
INSERT INTO public.aluno (cpf, nome, matricula, email, senha, role_id, genero_id) VALUES (53391454162, 'Mariah Vieira', 203254633, 'mariah.vieira@lunaris.org.br', 'senha123', 3, 1);
INSERT INTO public.aluno (cpf, nome, matricula, email, senha, role_id, genero_id) VALUES (43652708585, 'Carolina Fernandes', 239519226, 'carolina.fernandes@lunaris.org.br', 'senha123', 3, 2);
INSERT INTO public.aluno (cpf, nome, matricula, email, senha, role_id, genero_id) VALUES (11886868157, 'Lorena Mendonça', 760594017, 'lorena.mendonca@lunaris.org.br', 'senha123', 3, 2);
INSERT INTO public.aluno (cpf, nome, matricula, email, senha, role_id, genero_id) VALUES (41548933537, 'Luiz Miguel Ferreira', 373204279, 'luiz.miguel.ferreira@lunaris.org.br', 'senha123', 3, 2);
INSERT INTO public.aluno (cpf, nome, matricula, email, senha, role_id, genero_id) VALUES (97898711478, 'Isabella Rezende', 365702618, 'isabella.rezende@lunaris.org.br', 'senha123', 3, 2);
INSERT INTO public.aluno (cpf, nome, matricula, email, senha, role_id, genero_id) VALUES (25565688645, 'Ravy da Conceição', 576016801, 'ravy.da.conceicao@lunaris.org.br', 'senha123', 3, 2);
INSERT INTO public.aluno (cpf, nome, matricula, email, senha, role_id, genero_id) VALUES (23085408674, 'Henry Fernandes', 616613311, 'henry.fernandes@lunaris.org.br', 'senha123', 3, 1);
INSERT INTO public.aluno (cpf, nome, matricula, email, senha, role_id, genero_id) VALUES (33384530981, 'Dr. Yago Sales', 468183175, 'dr.yago.sales@lunaris.org.br', 'senha123', 3, 1);
INSERT INTO public.aluno (cpf, nome, matricula, email, senha, role_id, genero_id) VALUES (94701516856, 'Bento Pereira', 801319923, 'bento.pereira@lunaris.org.br', 'senha123', 3, 3);
INSERT INTO public.aluno (cpf, nome, matricula, email, senha, role_id, genero_id) VALUES (25436175329, 'Dr. Gael da Conceição', 913853072, 'dr.gael.da.conceicao@lunaris.org.br', 'senha123', 3, 3);
INSERT INTO public.aluno (cpf, nome, matricula, email, senha, role_id, genero_id) VALUES (61577675993, 'Dr. Bento Costa', 437026344, 'dr.bento.costa@lunaris.org.br', 'senha123', 3, 1);
INSERT INTO public.aluno (cpf, nome, matricula, email, senha, role_id, genero_id) VALUES (92256683096, 'Isabelly Nunes', 127918003, 'isabelly.nunes@lunaris.org.br', 'senha123', 3, 1);
INSERT INTO public.aluno (cpf, nome, matricula, email, senha, role_id, genero_id) VALUES (84525081515, 'Luana Moura', 752589168, 'luana.moura@lunaris.org.br', 'senha123', 3, 3);
INSERT INTO public.aluno (cpf, nome, matricula, email, senha, role_id, genero_id) VALUES (84507254311, 'Pedro Miguel Farias', 662701007, 'pedro.miguel.farias@lunaris.org.br', 'senha123', 3, 2);
INSERT INTO public.aluno (cpf, nome, matricula, email, senha, role_id, genero_id) VALUES (88407238417, 'Marcelo Aparecida', 791223465, 'marcelo.aparecida@lunaris.org.br', 'senha123', 3, 1);
INSERT INTO public.aluno (cpf, nome, matricula, email, senha, role_id, genero_id) VALUES (72386336337, 'Emanuel Peixoto', 168245383, 'emanuel.peixoto@lunaris.org.br', 'senha123', 3, 3);
INSERT INTO public.aluno (cpf, nome, matricula, email, senha, role_id, genero_id) VALUES (94704318093, 'Isis Dias', 584377853, 'isis.dias@lunaris.org.br', 'senha123', 3, 3);
INSERT INTO public.aluno (cpf, nome, matricula, email, senha, role_id, genero_id) VALUES (37282616030, 'Dr. Vicente Cassiano', 222207555, 'dr.vicente.cassiano@lunaris.org.br', 'senha123', 3, 3);
INSERT INTO public.aluno (cpf, nome, matricula, email, senha, role_id, genero_id) VALUES (77249768594, 'Stephany Sales', 170779158, 'stephany.sales@lunaris.org.br', 'senha123', 3, 3);
INSERT INTO public.aluno (cpf, nome, matricula, email, senha, role_id, genero_id) VALUES (73483490270, 'Sr. Luigi Cunha', 667452868, 'sr.luigi.cunha@lunaris.org.br', 'senha123', 3, 1);
INSERT INTO public.aluno (cpf, nome, matricula, email, senha, role_id, genero_id) VALUES (83214401315, 'Brenda Moraes', 423359944, 'brenda.moraes@lunaris.org.br', 'senha123', 3, 3);
INSERT INTO public.aluno (cpf, nome, matricula, email, senha, role_id, genero_id) VALUES (61839248565, 'Nicole Porto', 422373235, 'nicole.porto@lunaris.org.br', 'senha123', 3, 2);
INSERT INTO public.aluno (cpf, nome, matricula, email, senha, role_id, genero_id) VALUES (27664778128, 'Mathias Nunes', 514883580, 'mathias.nunes@lunaris.org.br', 'senha123', 3, 3);
INSERT INTO public.aluno (cpf, nome, matricula, email, senha, role_id, genero_id) VALUES (75666238410, 'Sra. Luara Guerra', 388605322, 'sra.luara.guerra@lunaris.org.br', 'senha123', 3, 1);
INSERT INTO public.aluno (cpf, nome, matricula, email, senha, role_id, genero_id) VALUES (93247590969, 'Renan Costela', 130188689, 'renan.costela@lunaris.org.br', 'senha123', 3, 2);
INSERT INTO public.aluno (cpf, nome, matricula, email, senha, role_id, genero_id) VALUES (48871242761, 'Sophia Camargo', 561206952, 'sophia.camargo@lunaris.org.br', 'senha123', 3, 1);
INSERT INTO public.aluno (cpf, nome, matricula, email, senha, role_id, genero_id) VALUES (35114735042, 'Ana Sophia Gonçalves', 650891044, 'ana.sophia.goncalves@lunaris.org.br', 'senha123', 3, 2);
INSERT INTO public.aluno (cpf, nome, matricula, email, senha, role_id, genero_id) VALUES (39107486377, 'Giovanna da Cruz', 855371939, 'giovanna.da.cruz@lunaris.org.br', 'senha123', 3, 1);
INSERT INTO public.turma_disciplina_professor (turma_id, disciplina_id, professor_cpf) VALUES (1, 1, 54410387916);
INSERT INTO public.turma_disciplina_professor (turma_id, disciplina_id, professor_cpf) VALUES (1, 2, 74836301077);
INSERT INTO public.turma_disciplina_professor (turma_id, disciplina_id, professor_cpf) VALUES (1, 3, 84514046455);
INSERT INTO public.turma_disciplina_professor (turma_id, disciplina_id, professor_cpf) VALUES (1, 4, 87479368758);
INSERT INTO public.turma_disciplina_professor (turma_id, disciplina_id, professor_cpf) VALUES (1, 5, 53329514949);
INSERT INTO public.turma_disciplina_professor (turma_id, disciplina_id, professor_cpf) VALUES (1, 6, 73099504585);
INSERT INTO public.turma_disciplina_professor (turma_id, disciplina_id, professor_cpf) VALUES (1, 7, 63289675584);
INSERT INTO public.turma_disciplina_professor (turma_id, disciplina_id, professor_cpf) VALUES (1, 8, 96371101354);
INSERT INTO public.turma_disciplina_professor (turma_id, disciplina_id, professor_cpf) VALUES (1, 9, 92477945724);
INSERT INTO public.turma_disciplina_professor (turma_id, disciplina_id, professor_cpf) VALUES (1, 10, 38231349089);